,ANO,cod_produto,PRODUÇÃO_NOVO,UND_NOVO,Technology,categoria,food_color
0,2017,1011.2120,230439.0,Ton,"Meat, fish and poultry",Carne e Ração Animal,salmon
1,2018,1011.2120,280958.0,Ton,"Meat, fish and poultry",Carne e Ração Animal,salmon
2,2019,1011.2120,316474.0,Ton,"Meat, fish and poultry",Carne e Ração Animal,salmon
3,2020,1011.2120,299299.0,Ton,"Meat, fish and poultry",Carne e Ração Animal,salmon
4,2021,1011.2120,374794.0,Ton,"Meat, fish and poultry",Carne e Ração Animal,salmon
5,2022,1011.2120,449216.0,Ton,"Meat, fish and poultry",Carne e Ração Animal,salmon
6,2023,1011.2120,394885.0,Ton,"Meat, fish and poultry",Carne e Ração Animal,salmon
7,2017,1012.2100,1070795.0,Ton,"Meat, fish and poultry",Carne e Ração Animal,salmon
8,2018,1012.2100,1195414.0,Ton,"Meat, fish and poultry",Carne e Ração Animal,salmon
9,2019,1012.2100,1285908.0,Ton,"Meat, fish and poultry",Carne e Ração Animal,salmon
10,2020,1012.2100,1231067.0,Ton,"Meat, fish and poultry",Carne e Ração Animal,salmon
11,2021,1012.2100,1205798.0,Ton,"Meat, fish and poultry",Carne e Ração Animal,salmon
12,2022,1012.2100,1315043.0,Ton,"Meat, fish and poultry",Carne e Ração Animal,salmon
13,2023,1012.2100,1235448.0,Ton,"Meat, fish and poultry",Carne e Ração Animal,salmon
14,2017,1012.2110,1441897.0,Ton,"Meat, fish and poultry",Carne e Ração Animal,salmon
15,2018,1012.2110,1628186.0,Ton,"Meat, fish and poultry",Carne e Ração Animal,salmon
16,2019,1012.2110,1562365.0,Ton,"Meat, fish and poultry",Carne e Ração Animal,salmon
17,2020,1012.2110,1704581.0,Ton,"Meat, fish and poultry",Carne e Ração Animal,salmon
18,2021,1012.2110,1761276.0,Ton,"Meat, fish and poultry",Carne e Ração Animal,salmon
19,2022,1012.2110,2138467.0,Ton,"Meat, fish and poultry",Carne e Ração Animal,salmon
20,2023,1012.2110,2071704.0,Ton,"Meat, fish and poultry",Carne e Ração Animal,salmon
21,2017,1013.2010,135134.0,Ton,"Meat, fish and poultry",Carne e Ração Animal,salmon
22,2018,1013.2010,170249.0,Ton,"Meat, fish and poultry",Carne e Ração Animal,salmon
23,2019,1013.2010,112865.0,Ton,"Meat, fish and poultry",Carne e Ração Animal,salmon
24,2020,1013.2010,140130.0,Ton,"Meat, fish and poultry",Carne e Ração Animal,salmon
25,2021,1013.2010,120033.0,Ton,"Meat, fish and poultry",Carne e Ração Animal,salmon
26,2022,1013.2010,149272.0,Ton,"Meat, fish and poultry",Carne e Ração Animal,salmon
27,2023,1013.2010,187865.0,Ton,"Meat, fish and poultry",Carne e Ração Animal,salmon
28,2017,1013.2020,268854.0,Ton,"Meat, fish and poultry",Carne e Ração Animal,salmon
29,2018,1013.2020,377150.0,Ton,"Meat, fish and poultry",Carne e Ração Animal,salmon
30,2019,1013.2020,381249.0,Ton,"Meat, fish and poultry",Carne e Ração Animal,salmon
31,2020,1013.2020,262622.0,Ton,"Meat, fish and poultry",Carne e Ração Animal,salmon
32,2021,1013.2020,209326.0,Ton,"Meat, fish and poultry",Carne e Ração Animal,salmon
33,2022,1013.2020,288316.0,Ton,"Meat, fish and poultry",Carne e Ração Animal,salmon
34,2023,1013.2020,425138.0,Ton,"Meat, fish and poultry",Carne e Ração Animal,salmon
35,2017,1013.2030,171584.0,Ton,"Meat, fish and poultry",Carne e Ração Animal,salmon
36,2018,1013.2030,211490.0,Ton,"Meat, fish and poultry",Carne e Ração Animal,salmon
37,2019,1013.2030,228407.0,Ton,"Meat, fish and poultry",Carne e Ração Animal,salmon
38,2020,1013.2030,225371.0,Ton,"Meat, fish and poultry",Carne e Ração Animal,salmon
39,2021,1013.2030,221182.0,Ton,"Meat, fish and poultry",Carne e Ração Animal,salmon
40,2022,1013.2030,238565.0,Ton,"Meat, fish and poultry",Carne e Ração Animal,salmon
41,2023,1013.2030,285927.0,Ton,"Meat, fish and poultry",Carne e Ração Animal,salmon
42,2017,1013.2045,2574367.0,Ton,Animal rendering,Carne e Ração Animal,salmon
43,2018,1013.2045,2626001.0,Ton,Animal rendering,Carne e Ração Animal,salmon
44,2019,1013.2045,2665895.0,Ton,Animal rendering,Carne e Ração Animal,salmon
45,2020,1013.2045,2740838.0,Ton,Animal rendering,Carne e Ração Animal,salmon
46,2021,1013.2045,2333799.0,Ton,Animal rendering,Carne e Ração Animal,salmon
47,2022,1013.2045,2335256.0,Ton,Animal rendering,Carne e Ração Animal,salmon
48,2023,1013.2045,2702579.0,Ton,Animal rendering,Carne e Ração Animal,salmon
49,2018,1013.2050,71765.0,Ton,Animal rendering,Carne e Ração Animal,salmon
50,2019,1013.2050,104679.0,Ton,Animal rendering,Carne e Ração Animal,salmon
51,2020,1013.2050,107959.0,Ton,Animal rendering,Carne e Ração Animal,salmon
52,2021,1013.2050,139998.0,Ton,Animal rendering,Carne e Ração Animal,salmon
53,2022,1013.2050,110730.0,Ton,Animal rendering,Carne e Ração Animal,salmon
54,2023,1013.2050,83292.0,Ton,Animal rendering,Carne e Ração Animal,salmon
55,2017,1013.2065,554647.0,Ton,"Meat, fish and poultry",Carne e Ração Animal,salmon
56,2018,1013.2065,810093.0,Ton,"Meat, fish and poultry",Carne e Ração Animal,salmon
57,2019,1013.2065,983551.0,Ton,"Meat, fish and poultry",Carne e Ração Animal,salmon
58,2020,1013.2065,687670.0,Ton,"Meat, fish and poultry",Carne e Ração Animal,salmon
59,2021,1013.2065,734998.0,Ton,"Meat, fish and poultry",Carne e Ração Animal,salmon
60,2022,1013.2065,877114.0,Ton,"Meat, fish and poultry",Carne e Ração Animal,salmon
61,2023,1013.2065,1005853.0,Ton,"Meat, fish and poultry",Carne e Ração Animal,salmon
62,2017,1020.2012,1655.224,Ton,Fish meal processing,Carne e Ração Animal,salmon
63,2018,1020.2012,2298.297,Ton,Fish meal processing,Carne e Ração Animal,salmon
64,2019,1020.2012,833.628,Ton,Fish meal processing,Carne e Ração Animal,salmon
65,2020,1020.2012,280.637,Ton,Fish meal processing,Carne e Ração Animal,salmon
66,2021,1020.2012,295.17,Ton,Fish meal processing,Carne e Ração Animal,salmon
67,2022,1020.2012,321.437,Ton,Fish meal processing,Carne e Ração Animal,salmon
68,2023,1020.2012,236.75,Ton,Fish meal processing,Carne e Ração Animal,salmon
69,2017,1020.2030,18849.0,Ton,Fish meal processing,Carne e Ração Animal,salmon
70,2018,1020.2030,47079.0,Ton,Fish meal processing,Carne e Ração Animal,salmon
71,2019,1020.2030,49958.0,Ton,Fish meal processing,Carne e Ração Animal,salmon
72,2020,1020.2030,36059.0,Ton,Fish meal processing,Carne e Ração Animal,salmon
73,2021,1020.2030,37536.0,Ton,Fish meal processing,Carne e Ração Animal,salmon
74,2022,1020.2030,43139.0,Ton,Fish meal processing,Carne e Ração Animal,salmon
75,2023,1020.2030,74965.0,Ton,Fish meal processing,Carne e Ração Animal,salmon
76,2018,1020.2035,521.705,Ton,"Meat, fish and poultry",Carne e Ração Animal,salmon
77,2019,1020.2035,685.992,Ton,"Meat, fish and poultry",Carne e Ração Animal,salmon
78,2020,1020.2035,902.27,Ton,"Meat, fish and poultry",Carne e Ração Animal,salmon
79,2021,1020.2035,753.578,Ton,"Meat, fish and poultry",Carne e Ração Animal,salmon
80,2022,1020.2035,718.92,Ton,"Meat, fish and poultry",Carne e Ração Animal,salmon
81,2023,1020.2035,877.744,Ton,"Meat, fish and poultry",Carne e Ração Animal,salmon
82,2017,1020.2070,16561.0,Ton,"Meat, fish and poultry",Carne e Ração Animal,salmon
83,2018,1020.2070,5355.0,Ton,"Meat, fish and poultry",Carne e Ração Animal,salmon
84,2019,1020.2070,4020.0,Ton,"Meat, fish and poultry",Carne e Ração Animal,salmon
85,2020,1020.2070,3598.0,Ton,"Meat, fish and poultry",Carne e Ração Animal,salmon
86,2021,1020.2070,4787.0,Ton,"Meat, fish and poultry",Carne e Ração Animal,salmon
87,2022,1020.2070,6838.0,Ton,"Meat, fish and poultry",Carne e Ração Animal,salmon
88,2023,1020.2070,5095.0,Ton,"Meat, fish and poultry",Carne e Ração Animal,salmon
89,2018,1020.2090,1887.0,Ton,"Meat, fish and poultry",Carne e Ração Animal,salmon
90,2019,1020.2090,148.0,Ton,"Meat, fish and poultry",Carne e Ração Animal,salmon
91,2020,1020.2090,107.0,Ton,"Meat, fish and poultry",Carne e Ração Animal,salmon
92,2022,1020.2090,22.0,Ton,"Meat, fish and poultry",Carne e Ração Animal,salmon
93,2023,1020.2090,3330.0,Ton,"Meat, fish and poultry",Carne e Ração Animal,salmon
94,2017,1020.2100,248491.0,Ton,"Meat, fish and poultry",Carne e Ração Animal,salmon
95,2018,1020.2100,115673.0,Ton,"Meat, fish and poultry",Carne e Ração Animal,salmon
96,2019,1020.2100,115155.0,Ton,"Meat, fish and poultry",Carne e Ração Animal,salmon
97,2020,1020.2100,129122.0,Ton,"Meat, fish and poultry",Carne e Ração Animal,salmon
98,2021,1020.2100,126078.0,Ton,"Meat, fish and poultry",Carne e Ração Animal,salmon
99,2022,1020.2100,124430.0,Ton,"Meat, fish and poultry",Carne e Ração Animal,salmon
100,2023,1020.2100,136150.0,Ton,"Meat, fish and poultry",Carne e Ração Animal,salmon
101,2017,1042.2090,83163.0,Ton,Margarine and solid cooking fats,Gorduras sólidas,yellow
102,2018,1042.2090,107185.0,Ton,Margarine and solid cooking fats,Gorduras sólidas,yellow
103,2019,1042.2090,112690.0,Ton,Margarine and solid cooking fats,Gorduras sólidas,yellow
104,2020,1042.2090,118053.0,Ton,Margarine and solid cooking fats,Gorduras sólidas,yellow
105,2021,1042.2090,56520.0,Ton,Margarine and solid cooking fats,Gorduras sólidas,yellow
106,2022,1042.2090,68660.0,Ton,Margarine and solid cooking fats,Gorduras sólidas,yellow
107,2023,1042.2090,77963.0,Ton,Margarine and solid cooking fats,Gorduras sólidas,yellow
108,2017,1043.2050,377361.0,Ton,Margarine and solid cooking fats,Gorduras sólidas,yellow
109,2018,1043.2050,410628.0,Ton,Margarine and solid cooking fats,Gorduras sólidas,yellow
110,2019,1043.2050,305632.0,Ton,Margarine and solid cooking fats,Gorduras sólidas,yellow
111,2020,1043.2050,501850.0,Ton,Margarine and solid cooking fats,Gorduras sólidas,yellow
112,2021,1043.2050,330652.0,Ton,Margarine and solid cooking fats,Gorduras sólidas,yellow
113,2022,1043.2050,214410.0,Ton,Margarine and solid cooking fats,Gorduras sólidas,yellow
114,2023,1043.2050,138240.0,Ton,Margarine and solid cooking fats,Gorduras sólidas,yellow
115,2017,1043.2060,903046.0,Ton,Margarine and solid cooking fats,Gorduras sólidas,yellow
116,2018,1043.2060,983539.0,Ton,Margarine and solid cooking fats,Gorduras sólidas,yellow
117,2019,1043.2060,832029.0,Ton,Margarine and solid cooking fats,Gorduras sólidas,yellow
118,2020,1043.2060,937875.0,Ton,Margarine and solid cooking fats,Gorduras sólidas,yellow
119,2021,1043.2060,899209.0,Ton,Margarine and solid cooking fats,Gorduras sólidas,yellow
120,2022,1043.2060,899701.0,Ton,Margarine and solid cooking fats,Gorduras sólidas,yellow
121,2023,1043.2060,904975.0,Ton,Margarine and solid cooking fats,Gorduras sólidas,yellow
122,2017,1043.2070,44379.0,Ton,Margarine and solid cooking fats,Gorduras sólidas,yellow
123,2018,1043.2070,77126.0,Ton,Margarine and solid cooking fats,Gorduras sólidas,yellow
124,2019,1043.2070,129283.0,Ton,Margarine and solid cooking fats,Gorduras sólidas,yellow
125,2020,1043.2070,180968.0,Ton,Margarine and solid cooking fats,Gorduras sólidas,yellow
126,2021,1043.2070,206022.0,Ton,Margarine and solid cooking fats,Gorduras sólidas,yellow
127,2022,1043.2070,205255.0,Ton,Margarine and solid cooking fats,Gorduras sólidas,yellow
128,2023,1043.2070,321558.0,Ton,Margarine and solid cooking fats,Gorduras sólidas,yellow
129,2017,1043.2080,23024.0,Ton,Margarine and solid cooking fats,Gorduras sólidas,yellow
130,2018,1043.2080,13405.0,Ton,Margarine and solid cooking fats,Gorduras sólidas,yellow
131,2019,1043.2080,23911.0,Ton,Margarine and solid cooking fats,Gorduras sólidas,yellow
132,2020,1043.2080,15906.0,Ton,Margarine and solid cooking fats,Gorduras sólidas,yellow
133,2021,1043.2080,10433.0,Ton,Margarine and solid cooking fats,Gorduras sólidas,yellow
134,2022,1043.2080,16106.0,Ton,Margarine and solid cooking fats,Gorduras sólidas,yellow
135,2023,1043.2080,12110.0,Ton,Margarine and solid cooking fats,Gorduras sólidas,yellow
136,2017,1043.2090,142682.0,Ton,,Destilados,lightblue
137,2018,1043.2090,151113.0,Ton,,Destilados,lightblue
138,2019,1043.2090,165824.0,Ton,,Destilados,lightblue
139,2020,1043.2090,221958.0,Ton,,Destilados,lightblue
140,2021,1043.2090,205927.0,Ton,,Destilados,lightblue
141,2022,1043.2090,218680.0,Ton,,Destilados,lightblue
142,2023,1043.2090,232099.0,Ton,,Destilados,lightblue
143,2017,1061.2010,100241.0,Ton,"Cakes, biscuits and breakfast cereals","Bolos, biscoitos e cereais",grey
144,2018,1061.2010,95319.0,Ton,"Cakes, biscuits and breakfast cereals","Bolos, biscoitos e cereais",grey
145,2019,1061.2010,93228.0,Ton,"Cakes, biscuits and breakfast cereals","Bolos, biscoitos e cereais",grey
146,2020,1061.2010,103073.0,Ton,"Cakes, biscuits and breakfast cereals","Bolos, biscoitos e cereais",grey
147,2021,1061.2010,133602.0,Ton,"Cakes, biscuits and breakfast cereals","Bolos, biscoitos e cereais",grey
148,2022,1061.2010,81613.0,Ton,"Cakes, biscuits and breakfast cereals","Bolos, biscoitos e cereais",grey
149,2023,1061.2010,88154.0,Ton,"Cakes, biscuits and breakfast cereals","Bolos, biscoitos e cereais",grey
150,2017,1062.2010,53622.0,Ton,"Cakes, biscuits and breakfast cereals","Bolos, biscoitos e cereais",grey
151,2018,1062.2010,41191.0,Ton,"Cakes, biscuits and breakfast cereals","Bolos, biscoitos e cereais",grey
152,2019,1062.2010,50250.0,Ton,"Cakes, biscuits and breakfast cereals","Bolos, biscoitos e cereais",grey
153,2020,1062.2010,45239.0,Ton,"Cakes, biscuits and breakfast cereals","Bolos, biscoitos e cereais",grey
154,2021,1062.2010,48709.0,Ton,"Cakes, biscuits and breakfast cereals","Bolos, biscoitos e cereais",grey
155,2022,1062.2010,77215.0,Ton,"Cakes, biscuits and breakfast cereals","Bolos, biscoitos e cereais",grey
156,2023,1062.2010,58759.0,Ton,"Cakes, biscuits and breakfast cereals","Bolos, biscoitos e cereais",grey
157,2017,1064.2010,1040569.0,Ton,"Cakes, biscuits and breakfast cereals","Bolos, biscoitos e cereais",grey
158,2018,1064.2010,935817.0,Ton,"Cakes, biscuits and breakfast cereals","Bolos, biscoitos e cereais",grey
159,2019,1064.2010,944970.0,Ton,"Cakes, biscuits and breakfast cereals","Bolos, biscoitos e cereais",grey
160,2020,1064.2010,929021.0,Ton,"Cakes, biscuits and breakfast cereals","Bolos, biscoitos e cereais",grey
161,2021,1064.2010,984425.0,Ton,"Cakes, biscuits and breakfast cereals","Bolos, biscoitos e cereais",grey
162,2022,1064.2010,1250194.0,Ton,"Cakes, biscuits and breakfast cereals","Bolos, biscoitos e cereais",grey
163,2023,1064.2010,1247974.0,Ton,"Cakes, biscuits and breakfast cereals","Bolos, biscoitos e cereais",grey
164,2017,1066.2010,23688.0,Ton,Animal feed,Carne e Ração Animal,salmon
165,2018,1066.2010,25721.0,Ton,Animal feed,Carne e Ração Animal,salmon
166,2019,1066.2010,43107.0,Ton,Animal feed,Carne e Ração Animal,salmon
167,2020,1066.2010,57410.0,Ton,Animal feed,Carne e Ração Animal,salmon
168,2021,1066.2010,46052.0,Ton,Animal feed,Carne e Ração Animal,salmon
169,2022,1066.2010,66911.0,Ton,Animal feed,Carne e Ração Animal,salmon
170,2023,1066.2010,65844.0,Ton,Animal feed,Carne e Ração Animal,salmon
171,2017,1066.2045,2018174.0,Ton,Animal feed,Carne e Ração Animal,salmon
172,2018,1066.2045,2292822.0,Ton,Animal feed,Carne e Ração Animal,salmon
173,2019,1066.2045,2690623.0,Ton,Animal feed,Carne e Ração Animal,salmon
174,2020,1066.2045,3168682.0,Ton,Animal feed,Carne e Ração Animal,salmon
175,2021,1066.2045,3567635.0,Ton,Animal feed,Carne e Ração Animal,salmon
176,2022,1066.2045,3621429.0,Ton,Animal feed,Carne e Ração Animal,salmon
177,2023,1066.2045,3775307.0,Ton,Animal feed,Carne e Ração Animal,salmon
178,2017,1066.2050,33221113.0,Ton,Animal feed,Carne e Ração Animal,salmon
179,2018,1066.2050,31659315.0,Ton,Animal feed,Carne e Ração Animal,salmon
180,2019,1066.2050,32137445.0,Ton,Animal feed,Carne e Ração Animal,salmon
181,2020,1066.2050,32155046.0,Ton,Animal feed,Carne e Ração Animal,salmon
182,2021,1066.2050,33599261.0,Ton,Animal feed,Carne e Ração Animal,salmon
183,2022,1066.2050,38312076.0,Ton,Animal feed,Carne e Ração Animal,salmon
184,2023,1066.2050,37633931.0,Ton,Animal feed,Carne e Ração Animal,salmon
185,2017,1069.2010,87439.0,Ton,"Cakes, biscuits and breakfast cereals","Bolos, biscoitos e cereais",grey
186,2018,1069.2010,84589.0,Ton,"Cakes, biscuits and breakfast cereals","Bolos, biscoitos e cereais",grey
187,2019,1069.2010,77343.0,Ton,"Cakes, biscuits and breakfast cereals","Bolos, biscoitos e cereais",grey
188,2020,1069.2010,89059.0,Ton,"Cakes, biscuits and breakfast cereals","Bolos, biscoitos e cereais",grey
189,2021,1069.2010,111708.0,Ton,"Cakes, biscuits and breakfast cereals","Bolos, biscoitos e cereais",grey
190,2022,1069.2010,119902.0,Ton,"Cakes, biscuits and breakfast cereals","Bolos, biscoitos e cereais",grey
191,2023,1069.2010,135756.0,Ton,"Cakes, biscuits and breakfast cereals","Bolos, biscoitos e cereais",grey
192,2017,1071.2010,14679129.0,Ton,Sugar,Açucar,beige
193,2018,1071.2010,12436561.0,Ton,Sugar,Açucar,beige
194,2019,1071.2010,13132871.0,Ton,Sugar,Açucar,beige
195,2020,1071.2010,16608330.0,Ton,Sugar,Açucar,beige
196,2021,1071.2010,16049432.0,Ton,Sugar,Açucar,beige
197,2022,1071.2010,16322012.0,Ton,Sugar,Açucar,beige
198,2023,1071.2010,18071288.0,Ton,Sugar,Açucar,beige
199,2017,1071.2030,116287.0,Ton,Sugar,Açucar,beige
200,2018,1071.2030,129001.0,Ton,Sugar,Açucar,beige
201,2019,1071.2030,116740.0,Ton,Sugar,Açucar,beige
202,2020,1071.2030,123752.0,Ton,Sugar,Açucar,beige
203,2021,1071.2030,171390.0,Ton,Sugar,Açucar,beige
204,2022,1071.2030,183437.0,Ton,Sugar,Açucar,beige
205,2023,1071.2030,221707.0,Ton,Sugar,Açucar,beige
206,2017,1071.2040,21945963.0,Ton,Sugar,Açucar,beige
207,2018,1071.2040,15428934.0,Ton,Sugar,Açucar,beige
208,2019,1071.2040,14539564.0,Ton,Sugar,Açucar,beige
209,2020,1071.2040,21811022.0,Ton,Sugar,Açucar,beige
210,2021,1071.2040,19540718.0,Ton,Sugar,Açucar,beige
211,2022,1071.2040,21359069.0,Ton,Sugar,Açucar,beige
212,2023,1071.2040,23671720.0,Ton,Sugar,Açucar,beige
213,2017,1071.2050,3259.0,Ton,Sugar,Açucar,beige
214,2018,1071.2050,3925.0,Ton,Sugar,Açucar,beige
215,2019,1071.2050,1342.0,Ton,Sugar,Açucar,beige
216,2020,1071.2050,5249.0,Ton,Sugar,Açucar,beige
217,2021,1071.2050,2508.0,Ton,Sugar,Açucar,beige
218,2022,1071.2050,2831.0,Ton,Sugar,Açucar,beige
219,2023,1071.2050,2793.0,Ton,Sugar,Açucar,beige
220,2017,1071.2080,3894.0,Ton,Sugar,Açucar,beige
221,2018,1071.2080,5350.0,Ton,Sugar,Açucar,beige
222,2019,1071.2080,5869.0,Ton,Sugar,Açucar,beige
223,2020,1071.2080,10198.0,Ton,Sugar,Açucar,beige
224,2021,1071.2080,11735.0,Ton,Sugar,Açucar,beige
225,2022,1071.2080,9170.0,Ton,Sugar,Açucar,beige
226,2023,1071.2080,6531.0,Ton,Sugar,Açucar,beige
227,2017,1072.2010,2406363.0,Ton,Sugar,Açucar,beige
228,2018,1072.2010,2200493.0,Ton,Sugar,Açucar,beige
229,2019,1072.2010,1763899.0,Ton,Sugar,Açucar,beige
230,2020,1072.2010,1298092.0,Ton,Sugar,Açucar,beige
231,2021,1072.2010,1160684.0,Ton,Sugar,Açucar,beige
232,2022,1072.2010,1591159.0,Ton,Sugar,Açucar,beige
233,2023,1072.2010,2052950.0,Ton,Sugar,Açucar,beige
234,2019,1072.2020,1795.531,Ton,Sugar,Açucar,beige
235,2020,1072.2020,1679.872,Ton,Sugar,Açucar,beige
236,2022,1072.2020,2789.457,Ton,Sugar,Açucar,beige
237,2017,1081.2020,14337.0,Ton,Coffee roasting,Café,brown
238,2018,1081.2020,19329.0,Ton,Coffee roasting,Café,brown
239,2019,1081.2020,17782.0,Ton,Coffee roasting,Café,brown
240,2020,1081.2020,21415.0,Ton,Coffee roasting,Café,brown
241,2021,1081.2020,30689.0,Ton,Coffee roasting,Café,brown
242,2022,1081.2020,48905.0,Ton,Coffee roasting,Café,brown
243,2023,1081.2020,44296.0,Ton,Coffee roasting,Café,brown
244,2017,1081.2040,707931.0,Ton,Coffee roasting,Café,brown
245,2018,1081.2040,708417.0,Ton,Coffee roasting,Café,brown
246,2019,1081.2040,683223.0,Ton,Coffee roasting,Café,brown
247,2020,1081.2040,668796.0,Ton,Coffee roasting,Café,brown
248,2021,1081.2040,704575.0,Ton,Coffee roasting,Café,brown
249,2022,1081.2040,711328.0,Ton,Coffee roasting,Café,brown
250,2023,1081.2040,664565.0,Ton,Coffee roasting,Café,brown
251,2017,1081.2050,10442.0,Ton,Coffee roasting,Café,brown
252,2018,1081.2050,16552.0,Ton,Coffee roasting,Café,brown
253,2019,1081.2050,13734.0,Ton,Coffee roasting,Café,brown
254,2020,1081.2050,12270.0,Ton,Coffee roasting,Café,brown
255,2021,1081.2050,8991.0,Ton,Coffee roasting,Café,brown
256,2022,1081.2050,12932.0,Ton,Coffee roasting,Café,brown
257,2023,1081.2050,9609.0,Ton,Coffee roasting,Café,brown
258,2017,1091.2010,75836.0,Ton,"Cakes, biscuits and breakfast cereals","Bolos, biscoitos e cereais",grey
259,2018,1091.2010,93041.0,Ton,"Cakes, biscuits and breakfast cereals","Bolos, biscoitos e cereais",grey
260,2019,1091.2010,83074.0,Ton,"Cakes, biscuits and breakfast cereals","Bolos, biscoitos e cereais",grey
261,2020,1091.2010,79506.0,Ton,"Cakes, biscuits and breakfast cereals","Bolos, biscoitos e cereais",grey
262,2021,1091.2010,85128.0,Ton,"Cakes, biscuits and breakfast cereals","Bolos, biscoitos e cereais",grey
263,2022,1091.2010,107070.0,Ton,"Cakes, biscuits and breakfast cereals","Bolos, biscoitos e cereais",grey
264,2023,1091.2010,102616.0,Ton,"Cakes, biscuits and breakfast cereals","Bolos, biscoitos e cereais",grey
265,2017,1091.2022,140817.0,Ton,"Bread, typical",Pão,pink
266,2018,1091.2022,142596.0,Ton,"Bread, typical",Pão,pink
267,2019,1091.2022,188722.0,Ton,"Bread, typical",Pão,pink
268,2020,1091.2022,250780.0,Ton,"Bread, typical",Pão,pink
269,2021,1091.2022,306039.0,Ton,"Bread, typical",Pão,pink
270,2022,1091.2022,397315.0,Ton,"Bread, typical",Pão,pink
271,2023,1091.2022,406892.0,Ton,"Bread, typical",Pão,pink
272,2017,1091.2035,780468.0,Ton,"Bread, typical",Pão,pink
273,2018,1091.2035,753518.0,Ton,"Bread, typical",Pão,pink
274,2019,1091.2035,802724.0,Ton,"Bread, typical",Pão,pink
275,2020,1091.2035,860737.0,Ton,"Bread, typical",Pão,pink
276,2021,1091.2035,847356.0,Ton,"Bread, typical",Pão,pink
277,2022,1091.2035,1009428.0,Ton,"Bread, typical",Pão,pink
278,2023,1091.2035,1101095.0,Ton,"Bread, typical",Pão,pink
279,2017,1091.2045,603533.0,Ton,"Bread, typical",Pão,pink
280,2018,1091.2045,644090.0,Ton,"Bread, typical",Pão,pink
281,2019,1091.2045,718160.0,Ton,"Bread, typical",Pão,pink
282,2020,1091.2045,633967.0,Ton,"Bread, typical",Pão,pink
283,2021,1091.2045,739713.0,Ton,"Bread, typical",Pão,pink
284,2022,1091.2045,768046.0,Ton,"Bread, typical",Pão,pink
285,2023,1091.2045,758394.0,Ton,"Bread, typical",Pão,pink
286,2017,1091.2050,86719.0,Ton,Sponge-dough bread,Pão,pink
287,2018,1091.2050,84395.0,Ton,Sponge-dough bread,Pão,pink
288,2019,1091.2050,96428.0,Ton,Sponge-dough bread,Pão,pink
289,2020,1091.2050,96807.0,Ton,Sponge-dough bread,Pão,pink
290,2021,1091.2050,127033.0,Ton,Sponge-dough bread,Pão,pink
291,2022,1091.2050,126145.0,Ton,Sponge-dough bread,Pão,pink
292,2023,1091.2050,132487.0,Ton,Sponge-dough bread,Pão,pink
293,2017,1091.2070,45495.0,Ton,"Bread, typical",Pão,pink
294,2018,1091.2070,61938.0,Ton,"Bread, typical",Pão,pink
295,2019,1091.2070,48087.0,Ton,"Bread, typical",Pão,pink
296,2020,1091.2070,42937.0,Ton,"Bread, typical",Pão,pink
297,2021,1091.2070,52763.0,Ton,"Bread, typical",Pão,pink
298,2022,1091.2070,52408.0,Ton,"Bread, typical",Pão,pink
299,2023,1091.2070,46190.0,Ton,"Bread, typical",Pão,pink
300,2017,1092.2010,1898547.0,Ton,"Cakes, biscuits and breakfast cereals","Bolos, biscoitos e cereais",grey
301,2018,1092.2010,2125678.0,Ton,"Cakes, biscuits and breakfast cereals","Bolos, biscoitos e cereais",grey
302,2019,1092.2010,1885542.0,Ton,"Cakes, biscuits and breakfast cereals","Bolos, biscoitos e cereais",grey
303,2020,1092.2010,1971872.0,Ton,"Cakes, biscuits and breakfast cereals","Bolos, biscoitos e cereais",grey
304,2021,1092.2010,2091291.0,Ton,"Cakes, biscuits and breakfast cereals","Bolos, biscoitos e cereais",grey
305,2022,1092.2010,2161056.0,Ton,"Cakes, biscuits and breakfast cereals","Bolos, biscoitos e cereais",grey
306,2023,1092.2010,2026957.0,Ton,"Cakes, biscuits and breakfast cereals","Bolos, biscoitos e cereais",grey
307,2017,1092.2020,18897.0,Ton,"Cakes, biscuits and breakfast cereals","Bolos, biscoitos e cereais",grey
308,2018,1092.2020,22512.0,Ton,"Cakes, biscuits and breakfast cereals","Bolos, biscoitos e cereais",grey
309,2019,1092.2020,21502.0,Ton,"Cakes, biscuits and breakfast cereals","Bolos, biscoitos e cereais",grey
310,2020,1092.2020,21700.0,Ton,"Cakes, biscuits and breakfast cereals","Bolos, biscoitos e cereais",grey
311,2021,1092.2020,36017.0,Ton,"Cakes, biscuits and breakfast cereals","Bolos, biscoitos e cereais",grey
312,2022,1092.2020,34652.0,Ton,"Cakes, biscuits and breakfast cereals","Bolos, biscoitos e cereais",grey
313,2023,1092.2020,41319.0,Ton,"Cakes, biscuits and breakfast cereals","Bolos, biscoitos e cereais",grey
314,2017,1099.2110,763220.0,Ton,Animal rendering,Carne e Ração Animal,salmon
315,2018,1099.2110,834985.0,Ton,Animal rendering,Carne e Ração Animal,salmon
316,2019,1099.2110,807219.0,Ton,Animal rendering,Carne e Ração Animal,salmon
317,2020,1099.2110,446659.0,Ton,Animal rendering,Carne e Ração Animal,salmon
318,2021,1099.2110,333581.0,Ton,Animal rendering,Carne e Ração Animal,salmon
319,2022,1099.2110,846346.0,Ton,Animal rendering,Carne e Ração Animal,salmon
320,2023,1099.2110,357530.0,Ton,Animal rendering,Carne e Ração Animal,salmon
321,2017,1111.2010,9720210.0,hL,Other spirits,Destilados,lightblue
322,2018,1111.2010,9521900.0,hL,Other spirits,Destilados,lightblue
323,2019,1111.2010,8751040.0,hL,Other spirits,Destilados,lightblue
324,2020,1111.2010,8809740.0,hL,Other spirits,Destilados,lightblue
325,2021,1111.2010,8116390.0,hL,Other spirits,Destilados,lightblue
326,2022,1111.2010,9528160.0,hL,Other spirits,Destilados,lightblue
327,2023,1111.2010,9098960.0,hL,Other spirits,Destilados,lightblue
328,2017,1111.2020,241540.0,hL,Brandy,Destilados,lightblue
329,2018,1111.2020,222570.0,hL,Brandy,Destilados,lightblue
330,2019,1111.2020,166770.0,hL,Brandy,Destilados,lightblue
331,2020,1111.2020,126100.0,hL,Brandy,Destilados,lightblue
332,2021,1111.2020,184180.0,hL,Brandy,Destilados,lightblue
333,2022,1111.2020,209380.0,hL,Brandy,Destilados,lightblue
334,2023,1111.2020,146390.0,hL,Brandy,Destilados,lightblue
335,2017,1111.2040,1600320.0,hL,Other spirits,Destilados,lightblue
336,2018,1111.2040,1303290.0,hL,Other spirits,Destilados,lightblue
337,2019,1111.2040,1737450.0,hL,Other spirits,Destilados,lightblue
338,2020,1111.2040,1936170.0,hL,Other spirits,Destilados,lightblue
339,2021,1111.2040,2148340.0,hL,Other spirits,Destilados,lightblue
340,2022,1111.2040,2195900.0,hL,Other spirits,Destilados,lightblue
341,2023,1111.2040,1843070.0,hL,Other spirits,Destilados,lightblue
342,2018,1111.2060,29860.0,hL,Other spirits,Destilados,lightblue
343,2019,1111.2060,63800.0,hL,Other spirits,Destilados,lightblue
344,2020,1111.2060,59170.0,hL,Other spirits,Destilados,lightblue
345,2021,1111.2060,99590.0,hL,Other spirits,Destilados,lightblue
346,2022,1111.2060,89820.0,hL,Other spirits,Destilados,lightblue
347,2023,1111.2060,65800.0,hL,Other spirits,Destilados,lightblue
348,2017,1111.2070,136510.0,hL,Grain whisky,Destilados,lightblue
349,2018,1111.2070,102670.0,hL,Grain whisky,Destilados,lightblue
350,2019,1111.2070,74030.0,hL,Grain whisky,Destilados,lightblue
351,2020,1111.2070,72570.0,hL,Grain whisky,Destilados,lightblue
352,2021,1111.2070,86290.0,hL,Grain whisky,Destilados,lightblue
353,2022,1111.2070,122550.0,hL,Grain whisky,Destilados,lightblue
354,2023,1111.2070,140600.0,hL,Grain whisky,Destilados,lightblue
355,2017,1111.2080,1237820.0,hL,Other spirits,Destilados,lightblue
356,2018,1111.2080,949680.0,hL,Other spirits,Destilados,lightblue
357,2019,1111.2080,841060.0,hL,Other spirits,Destilados,lightblue
358,2020,1111.2080,807180.0,hL,Other spirits,Destilados,lightblue
359,2021,1111.2080,639430.0,hL,Other spirits,Destilados,lightblue
360,2022,1111.2080,2433470.0,hL,Other spirits,Destilados,lightblue
361,2023,1111.2080,2813380.0,hL,Other spirits,Destilados,lightblue
362,2017,1112.2030,38980.0,hL,"Wine
unspecified colour",Vinho,purple
363,2019,1112.2030,34290.0,hL,"Wine
unspecified colour",Vinho,purple
364,2021,1112.2030,16090.0,hL,"Wine
unspecified colour",Vinho,purple
365,2022,1112.2030,27870.0,hL,"Wine
unspecified colour",Vinho,purple
366,2023,1112.2030,24460.0,hL,"Wine
unspecified colour",Vinho,purple
367,2017,1112.2040,40110.0,hL,Beer (including de-alcoholized),Cerveja e malte,goldenrod
368,2018,1112.2040,68850.0,hL,Beer (including de-alcoholized),Cerveja e malte,goldenrod
369,2019,1112.2040,142180.0,hL,Beer (including de-alcoholized),Cerveja e malte,goldenrod
370,2020,1112.2040,59410.0,hL,Beer (including de-alcoholized),Cerveja e malte,goldenrod
371,2023,1112.2040,126180.0,hL,Beer (including de-alcoholized),Cerveja e malte,goldenrod
372,2017,1112.2050,98370.0,hL,"Wine
unspecified colour",Vinho,purple
373,2018,1112.2050,73270.0,hL,"Wine
unspecified colour",Vinho,purple
374,2019,1112.2050,134060.0,hL,"Wine
unspecified colour",Vinho,purple
375,2020,1112.2050,118340.0,hL,"Wine
unspecified colour",Vinho,purple
376,2021,1112.2050,66080.0,hL,"Wine
unspecified colour",Vinho,purple
377,2022,1112.2050,68770.0,hL,"Wine
unspecified colour",Vinho,purple
378,2023,1112.2050,68980.0,hL,"Wine
unspecified colour",Vinho,purple
379,2022,1112.2060,1680.0,hL,"Wine
unspecified colour",Vinho,purple
380,2023,1112.2060,4390.0,hL,"Wine
unspecified colour",Vinho,purple
381,2017,1112.2070,3712370.0,hL,"Wine
unspecified colour",Vinho,purple
382,2018,1112.2070,3908060.0,hL,"Wine
unspecified colour",Vinho,purple
383,2019,1112.2070,3787720.0,hL,"Wine
unspecified colour",Vinho,purple
384,2020,1112.2070,2497360.0,hL,"Wine
unspecified colour",Vinho,purple
385,2021,1112.2070,2753770.0,hL,"Wine
unspecified colour",Vinho,purple
386,2022,1112.2070,2304420.0,hL,"Wine
unspecified colour",Vinho,purple
387,2023,1112.2070,2212480.0,hL,"Wine
unspecified colour",Vinho,purple
388,2017,1112.2080,197390.0,hL,"Wine
unspecified colour",Vinho,purple
389,2018,1112.2080,201150.0,hL,"Wine
unspecified colour",Vinho,purple
390,2019,1112.2080,256480.0,hL,"Wine
unspecified colour",Vinho,purple
391,2020,1112.2080,222750.0,hL,"Wine
unspecified colour",Vinho,purple
392,2021,1112.2080,286070.0,hL,"Wine
unspecified colour",Vinho,purple
393,2022,1112.2080,335010.0,hL,"Wine
unspecified colour",Vinho,purple
394,2023,1112.2080,323590.0,hL,"Wine
unspecified colour",Vinho,purple
395,2017,1113.2020,137147140.0,hL,Beer (including de-alcoholized),Cerveja e malte,goldenrod
396,2018,1113.2020,153195320.0,hL,Beer (including de-alcoholized),Cerveja e malte,goldenrod
397,2019,1113.2020,172695430.0,hL,Beer (including de-alcoholized),Cerveja e malte,goldenrod
398,2020,1113.2020,150562690.0,hL,Beer (including de-alcoholized),Cerveja e malte,goldenrod
399,2021,1113.2020,161166320.0,hL,Beer (including de-alcoholized),Cerveja e malte,goldenrod
400,2022,1113.2020,163637680.0,hL,Beer (including de-alcoholized),Cerveja e malte,goldenrod
401,2023,1113.2020,178866700.0,hL,Beer (including de-alcoholized),Cerveja e malte,goldenrod
402,2017,1113.2030,445132.0,Ton,Barley malting,Cerveja e malte,goldenrod
403,2018,1113.2030,602473.0,Ton,Barley malting,Cerveja e malte,goldenrod
404,2019,1113.2030,595969.0,Ton,Barley malting,Cerveja e malte,goldenrod
405,2021,1113.2030,628724.0,Ton,Barley malting,Cerveja e malte,goldenrod
406,2022,1113.2030,753631.0,Ton,Barley malting,Cerveja e malte,goldenrod
407,2023,1113.2030,814582.0,Ton,Barley malting,Cerveja e malte,goldenrod
